dept,party,name,votes
Atlántida,DC,Ana Maribel Valle Rivera,2588
Atlántida,DC,Gloria Maria Sarmiento Nu¿ez,5899
Atlántida,DC,Jorge Alberto Elvir Cruz,3089
Atlántida,DC,Jose Armando Logan ,5341
Atlántida,DC,Josue Eleazer Aleman Izcoa,928
Atlántida,DC,Kenia Fabiola Chiesa Elvir,2583
Atlántida,DC,Kennia Yamileth Montero Martinez,2232
Atlántida,DC,Ramon Antonio Varela Medina,2640
Atlántida,FAPER,Alicia De Jesus Alvarez Acosta,645
Atlántida,FAPER,Arlen Carolina Martinez Guzman,273
Atlántida,FAPER,Cristobal Crispi Oliva Mejia,1862
Atlántida,FAPER,Juana Concepcion Aguilar Avelar,407
Atlántida,FAPER,Marcio Renieri Castellanos ,385
Atlántida,FAPER,Norma Patricia Guevara Gamez,747
Atlántida,FAPER,Santos Aristeo Lainez Hernandez,491
Atlántida,FAPER,Vilma Yolanda Pineda Ramirez,392
Atlántida,LIBRE,Audelia  Rodriguez Rodriguez,26067
Atlántida,LIBRE,Belin Bekker Rosa Calix,24988
Atlántida,LIBRE,Cesar Humberto Agurcia Lopez,26150
Atlántida,LIBRE,Gloria Cristina Torres Sevilla,24108
Atlántida,LIBRE,Joaquin Baldemar Alvarado ,25424
Atlántida,LIBRE,Jose Adalid Rodriguez Rosa,22377
Atlántida,LIBRE,Jose Anibal Rodriguez Milla,25318
Atlántida,LIBRE,Jose Manuel Santos Villeda,24035
Atlántida,Liberal,Alba Ruth Zavala Irias,14443
Atlántida,Liberal,Christian Reniery Santamaria ,27556
Atlántida,Liberal,Dournoft Delmar Alvarado Mc Nab,17692
Atlántida,Liberal,Gonzalo Antonio Rivera ,18330
Atlántida,Liberal,Hector Pavel Fajardo Orellana,18439
Atlántida,Liberal,Iris Leticia Molinero Canales,17580
Atlántida,Liberal,Jerry Francisco Sabio Amaya,20323
Atlántida,Liberal,Maria Aracely Leiva Pe¿a,21357
Atlántida,Nacional,Carmen Esperanza Rivera Pagoaga,41437
Atlántida,Nacional,Daniel  Flores Velasquez,35562
Atlántida,Nacional,Francis Yolanda Castro Rodriguez,29647
Atlántida,Nacional,Iveth Obdulia Matute Betancourth,28690
Atlántida,Nacional,Marcio Rene Espinal Cardona,34135
Atlántida,Nacional,Marco Antonio Midence Milla,35145
Atlántida,Nacional,Ramon Antonio Leva Bulnes,36572
Atlántida,Nacional,Rodolfo  Irias Navas,41146
Atlántida,PAC,Carlos Arturo San Martin Amador,10264
Atlántida,PAC,Carlos Mauricio Arge¿al Castro,10176
Atlántida,PAC,Gabriela  Guzman Mejia,10186
Atlántida,PAC,Kritza Jerlin Perez Gallegos,14181
Atlántida,PAC,Marie Jeannette Kawas Giacoman,12741
Atlántida,PAC,Obdulio  Madrid Zeron,10021
Atlántida,PAC,Ruth  Bonilla Argueta,10018
Atlántida,PAC,Tomas Antonio Ramirez Hernandez,13846
Atlántida,PAP,Dagoberto  Cruz Santos,1172
Atlántida,PAP,Fermin  Corrales Estrada,329
Atlántida,PAP,Francisco Jose Alvarado Zaldivar,302
Atlántida,PAP,Mirian Elizabeth Villanueva Blanco,590
Atlántida,PAP,Mirtha Esther Hernandez Dolmo,1033
Atlántida,PAP,Otilia Janin Carrasco Ponce,842
Atlántida,PAP,Sila Claritza Mena Burgos,545
Atlántida,PAP,Victor Daniel Escobar Pe¿a,359
Atlántida,PINU,Bernard  Martinez Valerio,4591
Atlántida,PINU,Elbin Antonio Orellana Bermudez,847
Atlántida,PINU,Gladys Lizzette Zapata Guerrero,1815
Atlántida,PINU,Guillermo  Escoto Rodriguez,1153
Atlántida,PINU,Lidia Zenaida Fernandez Garcia,945
Atlántida,PINU,Melida Juliana Quevedo Ramirez,1484
Atlántida,PINU,Warren  Lopez Flores,543
Atlántida,PINU,Yeimy Lizbeth Zaldivar Castellanos,841
Atlántida,UD,Aldo Javier Cardona Alvarado,2011
Atlántida,UD,Alix Virginia Zapata ,745
Atlántida,UD,Darwin Alexander Montoya Ayala,774
Atlántida,UD,Javier Arquimides Martinez Reyes,1952
Atlántida,UD,Maria  Alberto Hernandez,2027
Atlántida,UD,Noemi Yadira Casta¿eda Lopez,1096
Atlántida,UD,Pedro  Guevara ,1589
Atlántida,UD,Ramon Nectaly Guardado ,1541
Choluteca,DC,Brenda Isolina Erazo Herrera,1119
Choluteca,DC,Elmer Noe Garcia Moran,1711
Choluteca,DC,Jorge Manuel Lazo ,964
Choluteca,DC,Jose Rafael Berrios Flores,761
Choluteca,DC,Lizbeth Alejandra Sosa Euceda,794
Choluteca,DC,Lourdes Rosmery Ferrufino Cuevas,1216
Choluteca,DC,Luis Alonso Marcia Hernandez,6642
Choluteca,DC,Oscar Arnulfo Cruz ,1680
Choluteca,DC,Rosa Elena Martinez ,502
Choluteca,FAPER,Carlos Fabricio Flores Baca,484
Choluteca,FAPER,Franklin Erick Toru¿o Colindres,609
Choluteca,FAPER,Julia Maritza Vasquez Ponce,162
Choluteca,FAPER,Karen Marleny Izaguirre ,209
Choluteca,FAPER,Luis Alberto Herrera ,518
Choluteca,FAPER,Maria Leonor Tercero Mendez,164
Choluteca,FAPER,Nancy Raquel Portillo Gomez,314
Choluteca,FAPER,Raquel  Montalvan ,222
Choluteca,FAPER,Ronald Adalberto Ruiz Vindel,592
Choluteca,LIBRE,Angel Enrique Sandoval Lopez,27481
Choluteca,LIBRE,Cristobal Jowany Rodriguez Amador,25050
Choluteca,LIBRE,Dilma Doris Ramirez ,21986
Choluteca,LIBRE,Francisco Javier Lazo Mercado,22253
Choluteca,LIBRE,Hector Enrrique Padilla Hernandez,26809
Choluteca,LIBRE,Hernan Abel Carrasco Mayorga,23139
Choluteca,LIBRE,Luis Geovany Martinez Sanchez,25088
Choluteca,LIBRE,Martha Lidia Armas ,21692
Choluteca,LIBRE,Mercedes  Baca Paz,20373
Choluteca,Liberal,Blanca Margarita Oyuela Carrasco,18792
Choluteca,Liberal,Carlos Alfredo Lara Watson,38291
Choluteca,Liberal,Felipe Nery Mendez Soriano,27765
Choluteca,Liberal,Fredy Omar Chavarria Castillo,26958
Choluteca,Liberal,Gary Ramon Maradiaga Soriano,29408
Choluteca,Liberal,Maria Bertilia Zepeda Lagos,23738
Choluteca,Liberal,Maria Estelita Canales Ordo¿ez,17538
Choluteca,Liberal,Oscar Alfredo Benavides Ordo¿ez,31704
Choluteca,Liberal,Yury Cristhian Sabas Gutierrez,61032
Choluteca,Nacional,Carlos Roberto Ledezma Casco,67248
Choluteca,Nacional,Francisco Antonio Macias Ortega,62372
Choluteca,Nacional,Fredy  Espinoza Mondragon,33150
Choluteca,Nacional,Juan Francisco Arge¿al Espinal,44114
Choluteca,Nacional,Juana Isabel Lainez Aguilar,31684
Choluteca,Nacional,Maria Emerita Bardales Hernandez,54974
Choluteca,Nacional,Mauricio  Oliva Herrera,65674
Choluteca,Nacional,Rodanin  Peralta Estrada,47918
Choluteca,Nacional,Vilma Guadalupe Aguilar Flores,42046
Choluteca,PAC,Belinda Patricia Marcia Bonilla,7745
Choluteca,PAC,Darmy Adelaida Estrada Villalobos,8459
Choluteca,PAC,David Armando Reyes Osorto,16546
Choluteca,PAC,Jorge Eliu Perez Dominguez,12703
Choluteca,PAC,Julio Cesar Farach Narvaez,5012
Choluteca,PAC,Karen Melissa Linarez Osorto,9291
Choluteca,PAC,Luis Fernando Coello ,12915
Choluteca,PAC,Ricardo Leonel Davila Vieras,6070
Choluteca,PAC,Trudis Aminda Corrales Osorto,5072
Choluteca,PAP,Blanca Lidia Garcia Lezama,207
Choluteca,PAP,Claudia Angelina Martinez Castillo,392
Choluteca,PAP,Felicita Maria Carranza Ordo¿ez,1119
Choluteca,PAP,Gonzalo Johel Romero Alvarez,344
Choluteca,PAP,Jose Ramon Sierra Zamora,1068
Choluteca,PAP,Karla Patricia Aguilar ,296
Choluteca,PAP,Mayra Karina Oyuela Estrada,247
Choluteca,PAP,Nelson Omar Funez Flores,1607
Choluteca,PAP,Oscar  Espinal Baquedano,301
Choluteca,PINU,Emerita  Anduray Fuentes,1155
Choluteca,PINU,Gerson Leonel Espino Maradiaga,1808
Choluteca,PINU,Gloria Azucena Martinez Guillen,1124
Choluteca,PINU,Gloria Esperanza Cruz Godoy,611
Choluteca,PINU,Herles Misael Gimenez Galo,1979
Choluteca,PINU,Jose Irecio Bonilla Bonilla,2318
Choluteca,PINU,Jose Mercedes Estrada Martinez,1260
Choluteca,PINU,Lydia De Jesus Herrera Aguirre,1276
Choluteca,PINU,Modesto  Herrera Sanchez,6574
Choluteca,UD,Benedicto  Carcamo Mejia,1663
Choluteca,UD,Dilcia Esmeralda Sandoval Auceda,660
Choluteca,UD,Felipe Nery Espinal Lopez,905
Choluteca,UD,Gerson  Hernandez Oviedo,2154
Choluteca,UD,Jose Francisco Ramirez Pineda,763
Choluteca,UD,Maria Clarett Velasquez ,349
Choluteca,UD,Nora Odalys Escobar Pover,272
Choluteca,UD,Rosibel  Zepeda Ochoa,1320
Choluteca,UD,Yelson Joel Ponce Ordo¿ez,719
Choluteca,Unidos Choluteca,Jose Cesar Ortega Souza,8262
Colón,DC,Doroteo  Ventura Santos,309
Colón,DC,Juana Oneyda Hernandez Castro,252
Colón,DC,Leonardo Damian Ramos Martin,279
Colón,DC,Maria Magdalena Bonilla Sanchez,540
Colón,FAPER,Daisy Suyapa Cruz Ramos,299
Colón,FAPER,Danis Oralia Rodriguez Sanchez,249
Colón,FAPER,Keila Lilibeth Cruz Garcia,463
Colón,FAPER,Luis Alonso Membre¿o Castillo,683
Colón,LIBRE,Adelmo Rubilio Ramos Rivera,31901
Colón,LIBRE,Tatiana Ninoska Canales Gonzales,32162
Colón,LIBRE,Wilfredo  Paz Zuniga,32806
Colón,LIBRE,Yoni  Rivas Baire,29404
Colón,Liberal,Alfredo David Ramos Castillo,12117
Colón,Liberal,Mayra Rosibel Pavon Umanzor,12560
Colón,Liberal,Midence Oquely Martinez Turcios,15094
Colón,Liberal,Samuel  Martinez Duron,12827
Colón,Nacional,Carlos Ramon Aguilar Guifarro,24063
Colón,Nacional,Ghisell  Padilla Pelayo,24763
Colón,Nacional,Oscar Ramon Najera ,26959
Colón,Nacional,Sonia Yamileth Garcia Vilorio,22181
Colón,PAC,Dania Valentina Mena Arzu,1842
Colón,PAC,Iris Yamileth Duarte Aleman,2584
Colón,PAC,Luis Adan Ochoa Matamoros,1785
Colón,PAC,Melvin Eriberto Velasquez Argueta,1794
Colón,PAP,Aura Yamileth Medina Gutierres,151
Colón,PAP,Idalia Judith Suazo Chimilio,151
Colón,PAP,Miquel Angel Garin Tejeda,258
Colón,PAP,Onasis Samir Serrano Ortiz,122
Colón,PINU,Domingo  Pineda Benitez,497
Colón,PINU,Erika Yamileth Galdamez Rojas,307
Colón,PINU,Karen Lizzeth Munguia ,248
Colón,PINU,Wilson Armando Sanchez Romero,449
Colón,UD,Adolfo  Casta¿eda Padilla,715
Colón,UD,Blanca Sulema Perez Sambula,312
Colón,UD,Coronado  Avila Munguia,652
Colón,UD,Glirian Yanira Bardales Garrido,266
Comayagua,DC,Ada Eliza Fernandez Morales,1009
Comayagua,DC,Jorge Alberto Abrego ,1332
Comayagua,DC,Laura Marina Escoto Mejia,613
Comayagua,DC,Maria Evangelina Chaver Banegas,748
Comayagua,DC,Rene Alexander Ventura C,739
Comayagua,DC,Santos Humberto Hernandez Mejia,1524
Comayagua,DC,Tegualda Angela Gaete Santos,829
Comayagua,FAPER,Bernardino  Espinoza Palma,457
Comayagua,FAPER,Dimas  Rivera Discua,1578
Comayagua,FAPER,Ena Felicita Guillen Escobar,443
Comayagua,FAPER,Jose Dolores Urquia Lara,2155
Comayagua,FAPER,Maria Isnelda Mejia Cantor,222
Comayagua,FAPER,Tirso Sady Ulloa Ulloa,1779
Comayagua,FAPER,Yeny Yolanda Dominguez Aguilar,558
Comayagua,LIBRE,Ada Evila Serrano Nu¿ez,29969
Comayagua,LIBRE,Ancelmo  Romero Ulloa,30702
Comayagua,LIBRE,Fany Patricia Valladares Ortega,33321
Comayagua,LIBRE,Juan Carlos Avila Avila,27720
Comayagua,LIBRE,Juan Ramon Flores Buezo,31737
Comayagua,LIBRE,Salomon  Castillo Osorio,30392
Comayagua,LIBRE,Yavhe Salvador Sabillon Cruz,34792
Comayagua,Liberal,Gloria Argentina Bonilla Bonilla,36437
Comayagua,Liberal,Guillermo  Martinez Suazo,22834
Comayagua,Liberal,Jose Armando Cerros Chavez,25378
Comayagua,Liberal,Martha Lidya Rivera Torres,11981
Comayagua,Liberal,Olman Danery Maldonado Rubio,19104
Comayagua,Liberal,Valentin  Suarez Osejo,24022
Comayagua,Liberal,Victor Manuel Barahona ,24124
Comayagua,Nacional,Ana Belinda Valenzuela Duarte,39189
Comayagua,Nacional,Denis Roberto Velasquez Yanes,46922
Comayagua,Nacional,Gerardo Tulio Martinez Pineda,49950
Comayagua,Nacional,Jose Maria Martinez Valenzuela,56959
Comayagua,Nacional,Miguel Edgardo Martinez Pineda,51975
Comayagua,Nacional,Oscar Emilio Cruz Pineda,39656
Comayagua,Nacional,Santos  Discua Zepeda,38507
Comayagua,PAC,Alma Karina Mejia Sanchez,10034
Comayagua,PAC,Gerardo Javier Solorzano Leiva,11831
Comayagua,PAC,Jose Armando Calderon Ramirez,9684
Comayagua,PAC,Liliam Yaneth Villatoro Garcia,13835
Comayagua,PAC,Luciano Antonio Paz Arevalo,10928
Comayagua,PAC,Miguel Virgilio Ramirez Lopez,9705
Comayagua,PAC,Walterina  Ramirez Flores,9375
Comayagua,PAP,Diana Lourdes Lopez Sierra,3903
Comayagua,PAP,Francisco  Paz Osorio,545
Comayagua,PAP,Jose Alberto Melgar ,1659
Comayagua,PAP,Luther Celestino Hyde Zavala,1252
Comayagua,PAP,Mauricio  Bonilla Garcia,508
Comayagua,PAP,Miriam Hayde Valdivieso Argueta,1348
Comayagua,PAP,Nina Rosario Rodriguez Ramos,485
Comayagua,PINU,Alba Carixa Maradiaga Mejia,486
Comayagua,PINU,Antonia  Alvarado ,1525
Comayagua,PINU,Francisco Willian Caballero Paredes,1964
Comayagua,PINU,Geovani  Soto ,531
Comayagua,PINU,Karen Iveth Benitez Morales,877
Comayagua,PINU,Maria Zonia Pacheco Carranza,693
Comayagua,PINU,Mario Alexis Meza Duron,767
Comayagua,UD,Derling Ondina Alfaro Carranza,749
Comayagua,UD,Dunia Lorena Lopez Canales,780
Comayagua,UD,Gloria Julissa Rivera Padilla,707
Comayagua,UD,Martius Leonel Maga¿a Centeno,897
Comayagua,UD,Miguel Angel Galeano Mejia,1143
Comayagua,UD,Orlyn Daniel Flores Mejia,3201
Comayagua,UD,Saul Benjamin Zapata Mejia,3692
Copán,DC,Donis Marlen Caceres Mejia,256
Copán,DC,Dunia Lisseth Mata Chinchilla,422
Copán,DC,Eddas Mauricio Guevara Hernandez,263
Copán,DC,Ezequiel  Morales Tabora,2232
Copán,DC,Juan Antonio Perez Montufar,783
Copán,DC,Katherine Naszary Mejia ,298
Copán,DC,Nancy Francisca Casco Gomez,210
Copán,LIBRE,Edwin Dagoberto Lopez Lone,20678
Copán,LIBRE,Elvia Argentina Valle Villalta,30091
Copán,LIBRE,Gilma Janeth Trejo Bejarano,15825
Copán,LIBRE,Jose Omar Rodriguez Interiano,22785
Copán,LIBRE,Manuel De Jesus Mejia ,19701
Copán,LIBRE,Mario  Reyes ,16166
Copán,LIBRE,Scarleth Ivette Romero Cantarero,19134
Copán,Liberal,Elvis Edgardo Lemus Espa¿a,18727
Copán,Liberal,Jose Eduardo De Jesus Gauggel Medina,30128
Copán,Liberal,Juan Carlos Elvir Martel,27179
Copán,Liberal,Julio Cesar Santos Tobar,28455
Copán,Liberal,Lisandro Mauricio Arias Aquino,29002
Copán,Liberal,Oscar  Valenzuela Morales,15838
Copán,Liberal,Trancito Maribel Chinchilla Sorto,17879
Copán,Nacional,Carlos Roberto Guevara Velasquez,42084
Copán,Nacional,Hector Hugo Pinto Aguilar,49553
Copán,Nacional,Jorge Humberto Pinto Portillo,44643
Copán,Nacional,Jose Vicente Leon Rojas,51759
Copán,Nacional,Julio Cesar Gamez Interiano,40534
Copán,Nacional,Lourdes Ernestina Fajardo Ramos,42248
Copán,Nacional,Rosmery  Ayala Batres,43350
Copán,PAC,Agueda Maria Interiano Baide,2085
Copán,PAC,Carlos Antonio Alvarado Arita,2295
Copán,PAC,Cesar Daniel Bueso Orellana,3813
Copán,PAC,Francis Omar Cabrera Miranda,7164
Copán,PAC,Iris Lisseth Bueso Polanco,2316
Copán,PAC,Maryory Marivia Murillo Herrera,3137
Copán,PAC,Nelson Gerardo Tabora Zeron,2935
Copán,PINU,Claudia Maria Lopez Lara,277
Copán,PINU,Duvis Oneyda Bautista Claros,204
Copán,PINU,Fatima Ondina Lopez Garcia,175
Copán,PINU,Heydi Beatriz Perez Arita,236
Copán,PINU,Jose Francisco Tabora Dias,320
Copán,PINU,Maykol Ricarte Lopez Mejia,488
Copán,PINU,Miguel Angel Reyes Erazo,265
Copán,UD-FAPER,Digna Esperanza Mejia ,767
Copán,UD-FAPER,Hector Alexander Arita Martinez,1951
Copán,UD-FAPER,Jorge Armando Pleitez Palencia,2526
Copán,UD-FAPER,Leidy Iveth Gutierrez Cortes,523
Copán,UD-FAPER,Miguel Angel Lopez Contreras,1125
Copán,UD-FAPER,Miriam Vanessa Cruz Mu¿oz,420
Copán,UD-FAPER,Raul Antonio Madrid Argueta,817
Cortés,DC,Ana Leonor Velasquez Yonng,3683
Cortés,DC,Aquiles Isaac Calix Mejia,3005
Cortés,DC,Axel Antonio Quiroz Colindres,2007
Cortés,DC,Carlos Aguinaldo Turcios Matute,7063
Cortés,DC,Carlos Javier Funez Cardoza,2842
Cortés,DC,Celestino  Argueta ,4583
Cortés,DC,Dalia Suyapa Dubon Aleman,3776
Cortés,DC,Dunia Aracely Lopez Lopez,6794
Cortés,DC,Fredesvinda  Gutierrez Ortiz,4615
Cortés,DC,Irma Amelia Cerrato Martinez,4072
Cortés,DC,Jeanette Nohemy Guerra Guerra,1893
Cortés,DC,Jorge Adalberto Rodriguez Cardenas,3273
Cortés,DC,Jose Ricardo Sierra Chavarria,2764
Cortés,DC,Luis Antonio Flores Velasquez,1914
Cortés,DC,Luis Rafael Ramirez ,2768
Cortés,DC,Mario Alberto Soto Valle,3141
Cortés,DC,Norman  Portillo Velasquez,6127
Cortés,DC,Ruth Esther Castro Gomez,3063
Cortés,DC,Sadia Yarardin Argueta Hernandez,8479
Cortés,DC,Timoteo  Ochoa Diaz,3956
Cortés,FAPER,Alejandro  Rodriguez Bardales,1347
Cortés,FAPER,Alfonzo Felipe Rosado Galeano,1573
Cortés,FAPER,Aster Ascanio Alegria Castellanos,2199
Cortés,FAPER,Edith Xiomara Cruz Hernandez,1062
Cortés,FAPER,Gary Alexander Rodriguez Villanueva,1434
Cortés,FAPER,Gloria Esmeralda Castro Serandia,1844
Cortés,FAPER,Irma Cristela Hernandez ,3912
Cortés,FAPER,Italo Marcelo Jephte Garay Barrientos,1100
Cortés,FAPER,Ivan Francisco Mejia Flores,1632
Cortés,FAPER,Jesus  Ortega Garcia,1612
Cortés,FAPER,Jony Nectali Rosales Ramos,2793
Cortés,FAPER,Josefina  Morales Pineda,1530
Cortés,FAPER,Kelvin Hernan Zaldivar Lopez,1206
Cortés,FAPER,Marco Antonio Bhaday Chavez,5415
Cortés,FAPER,Marlen Yaneth Paz Paz,1777
Cortés,FAPER,Marvin Emilio Funez Rodriguez,1322
Cortés,FAPER,Melvin Omar Bronfield Aguirre,1475
Cortés,FAPER,Osmara  Argueta Lozano,1533
Cortés,FAPER,Reyna Maritza Torres Mejia,2447
Cortés,FAPER,Sara  Ramirez Serrano,5666
Cortés,LIBRE,Ana Carolina Cartagena Gamero,84846
Cortés,LIBRE,Dulce Maria Villanueva Sanchez,85909
Cortés,LIBRE,Gladis Esmeralda Delcid Nieto,77172
Cortés,LIBRE,Jose Arnulfo Aguilar ,81023
Cortés,LIBRE,Jose Edgardo Castro Rodriguez,102228
Cortés,LIBRE,Jose Eduardo Coto Barnica,88897
Cortés,LIBRE,Jose Luis Cruz Rivera,92976
Cortés,LIBRE,Laura Elena Noriega Bardales,88296
Cortés,LIBRE,Luis Alonso Garcia Bustamante,79729
Cortés,LIBRE,Marco Tulio Del Arca ,82847
Cortés,LIBRE,Orfilia Esperanza Carranza Medina,85385
Cortés,LIBRE,Patricia Suyapa Murillo Gutierrez,81590
Cortés,LIBRE,Rene  Altamirano Interiano,78906
Cortés,LIBRE,Rene Bladimir Gonzales Alfaro,86224
Cortés,LIBRE,Reyna Concepcion Pineda Ramos,83375
Cortés,LIBRE,Ruy  Diaz Diaz,77322
Cortés,LIBRE,Scherly Melissa Arriaga Gomez,96316
Cortés,LIBRE,Silvia Bessy Ayala Figueroa,88277
Cortés,LIBRE,Victor Manuel Rosa Ramos,81813
Cortés,LIBRE,Yenny Yessenia Murillo Pe¿a,88840
Cortés,Liberal,Angel Dario Banegas Leiva,79512
Cortés,Liberal,Carlos Antonio Martinez Zepeda,62986
Cortés,Liberal,Carolina  Velasquez Matamoros,52164
Cortés,Liberal,Cinthya Pamela Menocal Turcios,47236
Cortés,Liberal,Felipa Elizabeth Avila Jimenez,56290
Cortés,Liberal,Georgina Yamileth Barahona Lopez,56312
Cortés,Liberal,Ingrid Alina Montes Rendon,45692
Cortés,Liberal,Jorge Antonio Camacho Fajardo,40588
Cortés,Liberal,Jose Antonio Barahona Zelaya,49351
Cortés,Liberal,Jose Antonio Fernandez Flores,46991
Cortés,Liberal,Juan Jorge Canahuati Sagastume,58441
Cortés,Liberal,Justa Aurelia Suazo Bernardez,46398
Cortés,Liberal,Maria Dolores Guardado ,52345
Cortés,Liberal,Marlon Guillermo Lara Orellana,90315
Cortés,Liberal,Miguel Angel Barahona Lopez,39954
Cortés,Liberal,Norma Haydee Calderon Arias,50286
Cortés,Liberal,Rafael Tadeo Nodarse Banegas,64039
Cortés,Liberal,Reyna Virginia Alvarado Barahona,49664
Cortés,Liberal,Ricardo Efrain Figueroa Giron,41925
Cortés,Liberal,Wenceslao  Lara Orellana,56128
Cortés,Nacional,Alberto  Chedrani Casta¿eda,104739
Cortés,Nacional,Arturo  Benda¿a Pinel,90857
Cortés,Nacional,Brenda Mercedes Flores Serrano,81725
Cortés,Nacional,Eliseo Noel Mejia Castillo,74620
Cortés,Nacional,Ernesto  Lazarus Pineda,74422
Cortés,Nacional,Francisco Gabriel Garcia Ardon,85059
Cortés,Nacional,Iris Yasmin Perdomo Sandoval,69500
Cortés,Nacional,Jose Antonio Montalvan Villafranca,79156
Cortés,Nacional,Leda Lizethe Garcia Pagan,85840
Cortés,Nacional,Leo Yamir Valentino Castellon Hirezi,85544
Cortés,Nacional,Max Alejandro Gonzales Sabillon,77997
Cortés,Nacional,Melvin  Ferraro Lainez,78974
Cortés,Nacional,Omahara  Hernandez Trujillo,78054
Cortés,Nacional,Reynaldo Geovanny Ekonomo Funes,83853
Cortés,Nacional,Roxana Geraldina Gonzalez Marmol,84720
Cortés,Nacional,Victoria  Carrasco Garcia,75223
Cortés,Nacional,Welsy Milena Vasquez Lopez,89026
Cortés,Nacional,Wendy Carolina Estevez Paredes,75921
Cortés,Nacional,Yaudet  Burbara Canahuati,86573
Cortés,Nacional,Zoila Wiladina Chiang Cortes,81078
Cortés,PAC,Anibal Javier Calix Funez,100820
Cortés,PAC,Carlos Donanim Montes Orellana,92579
Cortés,PAC,Catalina  Ponce Posas,84262
Cortés,PAC,Edy Mauricio Pe¿a Carias,95155
Cortés,PAC,Erasmo Antonio Sanabria Chinchilla,98765
Cortés,PAC,Fatima Patricia Mena Baide,115673
Cortés,PAC,Jaime Enrique Villegas Roura,117744
Cortés,PAC,Jose Medardo Caballero Moncada,89940
Cortés,PAC,Juan Ramon Lopez Bendeck,96339
Cortés,PAC,Katty Ester Sosa Garcia,100546
Cortés,PAC,Luis Rene Oliva Romero,101966
Cortés,PAC,Luis Rolando Redondo Guifarro,114151
Cortés,PAC,Margarita Zulema Hernandez Gomez,88209
Cortés,PAC,Maria Erlinda Enamorado Cerna,85835
Cortés,PAC,Roberto  Valenzuela Medina,96791
Cortés,PAC,Rolando Enrique Lopez ,97461
Cortés,PAC,Veronica  Torres Rivera,97124
Cortés,PAC,Veronica Isabel Trochez Sabillon,92583
Cortés,PAC,Walter Alex Banegas Aguilera,103934
Cortés,PAC,Yesica Carolina Mu¿oz Gonzales,94645
Cortés,PAP,Ana Eysabel Gomez ,1926
Cortés,PAP,Annuar Alfredo Suazo Kattan,1490
Cortés,PAP,Brenda Patricia Enamorado Alvarado,5173
Cortés,PAP,Cesar Augusto Hernandez Pe¿a,2757
Cortés,PAP,Digna Angelica Lara Espinoza,1319
Cortés,PAP,Eucebio  Acosta Zuniga,1881
Cortés,PAP,Felix Justo Freije Pe¿a,1978
Cortés,PAP,Gabriela Rosario Vasquez Aguilar,3824
Cortés,PAP,Gladys Patricia Enamorado Padilla,3639
Cortés,PAP,Gregoria  Ocampo Zuniga,1668
Cortés,PAP,Irwing Lindssay Guardado Veroy,2820
Cortés,PAP,Jesus  Enamorado Alvarado,4487
Cortés,PAP,Jordi Ricardo Monta¿ola Lopez,3356
Cortés,PAP,Jose Mario Berrios Serrano,4704
Cortés,PAP,Juan Constantino Marinakys Zelaya,2652
Cortés,PAP,Karen Dinora Ortega Osorto,2499
Cortés,PAP,Manuel Antonio Amaya ,2258
Cortés,PAP,Manuel De Jesus Licona Castro,2214
Cortés,PAP,Martin  Sanchez Gonzalez,1448
Cortés,PAP,Nanci Yadira Vasquez Garcia,1734
Cortés,PINU,Bertha Lydia Coello Hernandez,3530
Cortés,PINU,Elizabeth  Contreras ,3899
Cortés,PINU,Eugenio  Herrera Quiroz,1575
Cortés,PINU,Fernando  Mateo Garrigo,4212
Cortés,PINU,Francisco Rodolfo Jimenez Caballero,4363
Cortés,PINU,Gisela Maria Altamirano Sanchez,3616
Cortés,PINU,Jose Dionicio Ponce Palacios,2345
Cortés,PINU,Jose Toribio Aguilera Coello,15004
Cortés,PINU,Julio Ismael Rapalo Zepeda,1551
Cortés,PINU,Karla Patricia Herrera Ulloa,3167
Cortés,PINU,Luis Fernando Ramirez ,2564
Cortés,PINU,Martha Leticia Norales Arzu,5589
Cortés,PINU,Maura Aracely Funez Martinez,5049
Cortés,PINU,Melvin Geovany Florez Canales,2646
Cortés,PINU,Osman  Maldonado Ortiz,5673
Cortés,PINU,Pedro Rene Gonzalez Barahona,7402
Cortés,PINU,Sergio Rolando Brocato Martinez,1494
Cortés,PINU,Victorino  Carranza Ponce,2946
Cortés,PINU,Xiomara  Lizeth Pavon ,3516
Cortés,PINU,Zinia Yamilet Vargas Gallegos,2425
Cortés,UD,Alberto  Cruz Torres,4968
Cortés,UD,Alex Antonio Avila ,4056
Cortés,UD,Brenda Jaqueline Moreno Bardales,6361
Cortés,UD,Claudio Marcelo Villafranca Nu¿ez,7031
Cortés,UD,Damary Marlessy Mejia Amaya,5617
Cortés,UD,Danilo  Mejia Borjas,4452
Cortés,UD,Danilo Omar Isaula Vasquez,4322
Cortés,UD,Edwin Roberto Pavon Leon,22574
Cortés,UD,Emilia  Leiva Ayala,4426
Cortés,UD,Erika Tahina Avila Reyes,5916
Cortés,UD,Esequias  Doblado Hernandez,5874
Cortés,UD,Juan Francisco Gonzalez Portillo,3801
Cortés,UD,Juan Ramon De Jesus Vallecillo Gutierrez,3706
Cortés,UD,Maria Catalina Rivera Diaz,3700
Cortés,UD,Miguel Fernando Ruiz Rapalo,6548
Cortés,UD,Raul Edgardo Chinchilla Aguilar,5797
Cortés,UD,Romer Xavier Chavez Linarez,5432
Cortés,UD,Sonia Esperanza Bonilla Guevara,4289
Cortés,UD,Susana  Castillo Velasquez,9320
Cortés,UD,Yesenia Waleska Andino Lopez,5127
El Paraíso,DC,Ermis Yobanis Chavarria Lopez,212
El Paraíso,DC,Flerida Aida Valladares ,347
El Paraíso,DC,Jose David Moncada ,1176
El Paraíso,DC,Maria Jose Soliz Mercado,478
El Paraíso,DC,Naudia Maricela Borden Reyes,298
El Paraíso,DC,Oscar Emilio Carrasco Peralta,483
El Paraíso,FAPER,Arlett Del Carmen Acu¿a Sarantes,438
El Paraíso,FAPER,Claudia Yiseel Castellanos Rodriguez,188
El Paraíso,FAPER,Hector Nahun Martinez Sosa,276
El Paraíso,FAPER,Karla Patricia Sosa Fortin,190
El Paraíso,FAPER,Luis Arturo Salgado Centeno,170
El Paraíso,FAPER,Sindy Mariela Rodriguez Moncada,232
El Paraíso,LIBRE,Claudia Lorena Garmendia Garay,42722
El Paraíso,LIBRE,Daisy Guadalupe Rivera Ardon,38647
El Paraíso,LIBRE,Francisco Javier Paz Lainez,47368
El Paraíso,LIBRE,Jorge Arturo Zavala Flores,40065
El Paraíso,LIBRE,Luis Alberto Posadas Alfaro,38497
El Paraíso,LIBRE,Nehemias  Martinez Argueta,42669
El Paraíso,Liberal,Fredy Alberto Pastrana Molina,31047
El Paraíso,Liberal,King Lenard Varela Alvarez,31472
El Paraíso,Liberal,Luis Alberto Sanabria Caballero,28644
El Paraíso,Liberal,Mario Edgardo Segura Aroca,35343
El Paraíso,Liberal,Ramon  Chacon Ferrufino,36759
El Paraíso,Liberal,Rodrigo  Castillo Flores,34484
El Paraíso,Nacional,Cesar Humberto Cerrato Flores,50199
El Paraíso,Nacional,Hector Efrain Vallejo Cerna,50514
El Paraíso,Nacional,Jose Celin Discua Elvir,62821
El Paraíso,Nacional,Marisabel Del Carmen Ferrufino Flores,54781
El Paraíso,Nacional,Sara Ismela Medina Galo,59614
El Paraíso,Nacional,Walter Antonio Chavez Hernandez,65229
El Paraíso,PAC,Carlos Omar Oliva ,4405
El Paraíso,PAC,Claudia Emilia Avila Acu¿a,4564
El Paraíso,PAC,Merary Gissela Gonzalez Oseguera,4240
El Paraíso,PAC,Oscar Armando Alcantara Amador,4608
El Paraíso,PAC,Sally Xiomara Maradiaga Mendoza,4008
El Paraíso,PAC,Santos Arcelio Lagos ,4729
El Paraíso,PAP,Angel Amado Diaz Garcia,348
El Paraíso,PAP,Herenia  Bermudez Trejo,305
El Paraíso,PAP,Juan Angel Alvarez Gomez,1221
El Paraíso,PAP,Karla Ninoska Martinez Herrera,584
El Paraíso,PAP,Marvin Cesar Fonseca Martinez,602
El Paraíso,PAP,Wendy Yajaira Coto Zelaya,471
El Paraíso,PINU,Edy Alexis Murillo ,380
El Paraíso,PINU,Ena Karolina Pozo Ardon,562
El Paraíso,PINU,Jose Leon Aguilar ,1637
El Paraíso,PINU,Marlen Gricelda Fernandez Mendez,1365
El Paraíso,PINU,Olga Alicia Gamero Parria,643
El Paraíso,PINU,Oscar Emilio Menjivar Rubi,1359
El Paraíso,UD,Adolfo Enrique Garcia ,724
El Paraíso,UD,Consuelo Amparo Villalta Dominguez,433
El Paraíso,UD,Esmilda Marily Baquedano Rivas,317
El Paraíso,UD,Jacobo Adolfo Flores ,1908
El Paraíso,UD,Jose Hernan Figueroa Rodriguez,490
El Paraíso,UD,Lidesky Milenia Arge?al Martinez,633
Francisco Morazán,DC,Antonio  Amador Barrientos,2875
Francisco Morazán,DC,Augusto Domingo Cruz Asensio,50862
Francisco Morazán,DC,David Arturo Aguilera Vallejo,9807
Francisco Morazán,DC,Edgardo Alfonso Navarrete Melghem,6448
Francisco Morazán,DC,Eduardo Jorge Gaete Mejia,6320
Francisco Morazán,DC,Elsa  Vargas Gonzalez,5233
Francisco Morazán,DC,Estela Margarita Martinez Gonzales,5879
Francisco Morazán,DC,Felicito  Avila Ordo¿ez,34448
Francisco Morazán,DC,Gracibel  Escoto Licona,4057
Francisco Morazán,DC,Heriberto  Flores Lagos,3947
Francisco Morazán,DC,Jose Enrique Soto Navas,3922
Francisco Morazán,DC,Jose Julio Edmundo Marquez Pe¿alva,5235
Francisco Morazán,DC,Juan Ramon Velasquez Nazar,26464
Francisco Morazán,DC,Karent Yadira Ulloa Romero,6006
Francisco Morazán,DC,Karla Lizeth Montoya Pavon,4245
Francisco Morazán,DC,Marco Antonio Suazo ,15831
Francisco Morazán,DC,Maria Francisca Rosales Rodriguez,4222
Francisco Morazán,DC,Maria Paz Gomez Castro,4406
Francisco Morazán,DC,Martha Elena Guevara Sequeira,4100
Francisco Morazán,DC,Nelly Esperanza Mu¿oz Mu¿oz,6573
Francisco Morazán,DC,Nieves Fernando Perez Alvarado,4722
Francisco Morazán,DC,Norma Patricia Martinez Zelaya,5373
Francisco Morazán,DC,Odalis Yasmin Flores Rivera,3284
Francisco Morazán,FAPER,Alejandro  Fernandez ,1668
Francisco Morazán,FAPER,Angel Antonio Arguijo Galvez,2178
Francisco Morazán,FAPER,Cesar Adin Barraza Luna,1896
Francisco Morazán,FAPER,Edward Noel Lanza Claros,2049
Francisco Morazán,FAPER,Elia Yolanda Sierra Sanchez,1388
Francisco Morazán,FAPER,Elsa Xiomara Garcia Flores,1870
Francisco Morazán,FAPER,Emilio Arturo Guillen Sevilla,2060
Francisco Morazán,FAPER,Erika Vanessa Maradiaga Hernandez,1744
Francisco Morazán,FAPER,Ernesto  Carcamo Meza,1064
Francisco Morazán,FAPER,Ilich David Pavon Lopez,2089
Francisco Morazán,FAPER,Javier Martin Garay Colindres,2507
Francisco Morazán,FAPER,Katia Arely Maradiaga Ponce,3788
Francisco Morazán,FAPER,Lorenzo Ubaldo Pavon Rodriguez,3283
Francisco Morazán,FAPER,Luis Antonio Izaguirre Benitez,1733
Francisco Morazán,FAPER,Marco Antonio Garcia Calix,1781
Francisco Morazán,FAPER,Mariana  Flores Vasquez,2302
Francisco Morazán,FAPER,Marvin Geovanny Garcia Martinez,3829
Francisco Morazán,FAPER,Mirna Del Carmen Moncada Pineda,2380
Francisco Morazán,FAPER,Monica Dayanara Palacios Cardona,1825
Francisco Morazán,FAPER,Reniery  Velasquez Avila,1119
Francisco Morazán,FAPER,Tania Angelina Cruz Alvarado,1482
Francisco Morazán,FAPER,Thelma Patricia Rodriguez Espinoza,1331
Francisco Morazán,FAPER,Xiomara  Osorio Midence,1302
Francisco Morazán,Independiente Socialista,Fredin De Jesus Funez ,18992
Francisco Morazán,LIBRE,Alejandro  Villatoro Aguilar,120398
Francisco Morazán,LIBRE,Amadeo  Osorto Lagos,116285
Francisco Morazán,LIBRE,Aracely  Flores Bueso,114647
Francisco Morazán,LIBRE,Cesar Omar Silva Rosales,120389
Francisco Morazán,LIBRE,Dagoberto  Suazo Zelaya,111037
Francisco Morazán,LIBRE,Delia Beatriz Valle Marichal,132528
Francisco Morazán,LIBRE,Delmy Aracely Ordo¿ez Hernandez,116721
Francisco Morazán,LIBRE,Dionisia  Diaz Uma¿a,112818
Francisco Morazán,LIBRE,Enrique Alberto Flores Lanza,121996
Francisco Morazán,LIBRE,Esdras Amado Lopez Rodriguez,148081
Francisco Morazán,LIBRE,Fedra Nadime Thiebaud Garay,117842
Francisco Morazán,LIBRE,Felix Ambrosio Sabio Gonzalez,120592
Francisco Morazán,LIBRE,Gilberto  Rios Munguia,117495
Francisco Morazán,LIBRE,Jari Dixon Herrera Hernandez,123136
Francisco Morazán,LIBRE,Javier Antonio Portillo Carbajal,109234
Francisco Morazán,LIBRE,Jose Luis Baquedano Hernandez,115783
Francisco Morazán,LIBRE,Jose Luis Galdamez Alvarez,122809
Francisco Morazán,LIBRE,Jose Manuel Rodriguez Rosales,111460
Francisco Morazán,LIBRE,Marco Eliud Giron Portillo,107127
Francisco Morazán,LIBRE,Norma Yanina Parada Martinez,112800
Francisco Morazán,LIBRE,Pedro Rafael Alegria Moncada,124102
Francisco Morazán,LIBRE,Rasel Antonio Tome Flores,130769
Francisco Morazán,LIBRE,Roberto  Zelaya Sagastume,111644
Francisco Morazán,Liberal,Aixa Gabriela Zelaya Gomez,81977
Francisco Morazán,Liberal,Altagracia  Sanchez Melendez,56755
Francisco Morazán,Liberal,Amilcar  Bulnes Hernandez,63597
Francisco Morazán,Liberal,Angel Larissa Espinal Pinel,83092
Francisco Morazán,Liberal,Fabricio Jose Mejia Arita,53528
Francisco Morazán,Liberal,Federico  Duarte Acosta,46755
Francisco Morazán,Liberal,Gabo Alfredo Jalil Mejia,65594
Francisco Morazán,Liberal,Gabriela  Nu¿ez Ennabe,116477
Francisco Morazán,Liberal,Gustavo Adolfo Alfaro Zelaya,55384
Francisco Morazán,Liberal,Hilda Aracely Pacheco Montero,83173
Francisco Morazán,Liberal,Jariet Waldina Paz ,102449
Francisco Morazán,Liberal,Jose Cecilio Cruz Guevara,58505
Francisco Morazán,Liberal,Jose Natanael Euceda Pacheco,81518
Francisco Morazán,Liberal,Josuee Gerardo Aguilar Zelaya,60392
Francisco Morazán,Liberal,Lucio  Izaguirre Romero,62028
Francisco Morazán,Liberal,Luis Alberto Martinez ,45413
Francisco Morazán,Liberal,Marco Antonio Andino Flores,91356
Francisco Morazán,Liberal,Mario Luis Noe Villafranca,55930
Francisco Morazán,Liberal,Perla  Simons Morales,78495
Francisco Morazán,Liberal,Sandra Emilia Mu¿oz Reyes,62713
Francisco Morazán,Liberal,Silvio Danilo Pino Mercadal,49853
Francisco Morazán,Liberal,Temis  Caceres Andino,66179
Francisco Morazán,Liberal,Yadira Esperanza Benda¿a Flores,104567
Francisco Morazán,Nacional,Ada Maria Mejia Signorelli,124726
Francisco Morazán,Nacional,Antonio Cesar Rivera Callejas,166218
Francisco Morazán,Nacional,Cossette Alejandra Lopez Osorio Aguilar,144611
Francisco Morazán,Nacional,David Guillermo Chavez Madison,159267
Francisco Morazán,Nacional,Feryd Alberto Bascha Sahury,129294
Francisco Morazán,Nacional,Gaudy Alejandra Bustillo Martinez,132139
Francisco Morazán,Nacional,Hector Virgilio Martinez Lozano,141001
Francisco Morazán,Nacional,Jance Carolina Funes Dominguez,119818
Francisco Morazán,Nacional,Jose Danilo Izaguirre Bonilla,140226
Francisco Morazán,Nacional,Jose Oswaldo Ramos Soto,150164
Francisco Morazán,Nacional,Juan Diego Zelaya Aguilar,157358
Francisco Morazán,Nacional,Leana Rebeca Martinez Caceres,125839
Francisco Morazán,Nacional,Lena Karyn Gutierrez Arevalo,167205
Francisco Morazán,Nacional,Leonel Alejandro Giannini Espinal,144632
Francisco Morazán,Nacional,Lissi Marcela Matute Cano,145343
Francisco Morazán,Nacional,Maria Elena Ordo¿ez Lazo,141603
Francisco Morazán,Nacional,Oscar Arturo Alvarez Guerrero,176485
Francisco Morazán,Nacional,Ramon Dagoberto Rodriguez Allen,130183
Francisco Morazán,Nacional,Rigoberto  Chang Castillo,145862
Francisco Morazán,Nacional,Rossel Renan Inestroza Hernandez,154079
Francisco Morazán,Nacional,Santos Orlando Morazan Ponce,150385
Francisco Morazán,Nacional,Waleska Marlene Zelaya Portillo,147716
Francisco Morazán,Nacional,Wilmer Raynel Neal Velasquez,175739
Francisco Morazán,PAC,Adela Maria Medina ,55470
Francisco Morazán,PAC,Alejandro  Carbajal Lizano,58390
Francisco Morazán,PAC,Ana Joselina Fortin Pineda,81482
Francisco Morazán,PAC,Ana Patricia Mu¿oz Fernandez,62527
Francisco Morazán,PAC,Carlos Alberto Zelaya Irias,65732
Francisco Morazán,PAC,Claudia Patricia Rodriguez Rosales,75875
Francisco Morazán,PAC,Dilcia Maribel Galo Juarez,59789
Francisco Morazán,PAC,Fernando Abel Valladares Alvarado,52293
Francisco Morazán,PAC,Glenda Xiomara Osorio Nu¿ez,64361
Francisco Morazán,PAC,Gustavo Adolfo Manzanares Vaquero,53953
Francisco Morazán,PAC,Isaias  Moran Pavon,58182
Francisco Morazán,PAC,Jaime Ricardo Redondo Marini,59124
Francisco Morazán,PAC,Jorge Alberto Giarelli Ferrera,56886
Francisco Morazán,PAC,Jose Rafael Erazo Paisano,51250
Francisco Morazán,PAC,Juan Carlos Berganza Godoy,62414
Francisco Morazán,PAC,Juan Fernando Redondo Guifarro,58830
Francisco Morazán,PAC,Maria Lourdez Lagoz Rodriguez,59086
Francisco Morazán,PAC,Marlene Elizabeth Alvarenga Castellanos,75873
Francisco Morazán,PAC,Milton Omar Turcios Caceres,60481
Francisco Morazán,PAC,Rafael Virgilio Padilla Paz,80196
Francisco Morazán,PAC,Ramon Fernando Coto Mendez,62584
Francisco Morazán,PAC,Sayra Iveth Aguilera Espinal,52109
Francisco Morazán,PAC,Zenia Patricia Padgett Lagos,63253
Francisco Morazán,PAP,Adan Flaubert Rodriguez Sierra,4961
Francisco Morazán,PAP,Billy Fernando Joya Amendola,55949
Francisco Morazán,PAP,Bryan O Nell Hernandez Medina,3629
Francisco Morazán,PAP,Carlos Eduardo Suazo Diaz,2572
Francisco Morazán,PAP,Delia Emeli Laitano Giron,4444
Francisco Morazán,PAP,Deysi Xiomara Castro Lainez,2310
Francisco Morazán,PAP,Eduard Francisco Moreno Padilla,3898
Francisco Morazán,PAP,Fatima Viviana Hernandez ,3979
Francisco Morazán,PAP,Francisco Javier Ramirez Acosta,4176
Francisco Morazán,PAP,Gloria Maritza Garcia Suarez,12166
Francisco Morazán,PAP,Guido Antonio Bacci Grave De Peralta,3750
Francisco Morazán,PAP,Ivonne Esmeralda Pinto Rubio,4427
Francisco Morazán,PAP,Julia Francisca Reyes Casco,2135
Francisco Morazán,PAP,Julio Cesar Moreno Garcia,3802
Francisco Morazán,PAP,Karla Jeanine Padilla Reyes,5273
Francisco Morazán,PAP,Lilian Judith Miranda Murillo,5941
Francisco Morazán,PAP,Marvin Rigoberto Espinal Pinel,6123
Francisco Morazán,PAP,Miguel Enrique Nolasco Lopez,6966
Francisco Morazán,PAP,Nessy Minneth Suazo Melendez,7220
Francisco Morazán,PAP,Oscar Antonio Breve Duarte,4549
Francisco Morazán,PAP,Rosa Marivel Midence Alberto,4442
Francisco Morazán,PAP,Tulio Armando Valladares Herrera,3424
Francisco Morazán,PAP,Victor  Lopez Sevilla,3317
Francisco Morazán,PINU,Adriana  Guevara Osorio,8279
Francisco Morazán,PINU,Ana Lucia Freije Murillo,3885
Francisco Morazán,PINU,Ana Rosa Andino Matamoros,6185
Francisco Morazán,PINU,Angie Geraldina Varela Mejia,5020
Francisco Morazán,PINU,Carlos Alberto Padilla Velasco,4616
Francisco Morazán,PINU,Carlos Andres Zelaya Elvir,8251
Francisco Morazán,PINU,Carmen Ondina Benedit Blanco,12332
Francisco Morazán,PINU,Dora Lesvia Bracamonte Cortez,4251
Francisco Morazán,PINU,Doris Alejandrina Gutierrez ,74393
Francisco Morazán,PINU,German Edgardo Leitzelar Vidaurreta,65577
Francisco Morazán,PINU,Gladys  Pavon Garmendia,4624
Francisco Morazán,PINU,Jose Guillermo Cano Valladares,3229
Francisco Morazán,PINU,Jose Oscar Moran Mendez,5803
Francisco Morazán,PINU,Julio Santiago Soriano Miranda,6739
Francisco Morazán,PINU,Lorena  Mayen Elvir,3337
Francisco Morazán,PINU,Maria Eugenia Toro Zuniga,5019
Francisco Morazán,PINU,Mario Ernesto Rivera Vasquez,37197
Francisco Morazán,PINU,Mario Valentin Sanchez Valladares,4479
Francisco Morazán,PINU,Nelson Ivan Mejia Guardado,6318
Francisco Morazán,PINU,Olban Francisco Valladares Ordo¿ez,43214
Francisco Morazán,PINU,Roberto Eduardo Vallejo Diaz,3547
Francisco Morazán,PINU,Salvador  Lovo Reichmann,3987
Francisco Morazán,PINU,Yasmy Damarise Garcia ,4543
Francisco Morazán,UD,Abella Ester Carbajal Paz,7489
Francisco Morazán,UD,Adonis Fernando Colindres Amador,5070
Francisco Morazán,UD,Arjany Mariela Ramos Flores,5339
Francisco Morazán,UD,Carlos Alejandro Hernandez Soto,4020
Francisco Morazán,UD,Edwin Alexander Cardona Galvez,3305
Francisco Morazán,UD,Favio Enrique Moncada Nu¿ez,3883
Francisco Morazán,UD,Gustavo  Mendieta Murcia,5814
Francisco Morazán,UD,Jarvin Roberto Sanchez Jimenez,3794
Francisco Morazán,UD,Jeny Yaqueline Sauceda Ramos,3677
Francisco Morazán,UD,Jose Antonio Cruz Oliva,5716
Francisco Morazán,UD,Juan Fernando Gonzalez ,6277
Francisco Morazán,UD,Koritza Raquel Blanco Lopez,4342
Francisco Morazán,UD,Marta Alicia Meza Lagos,4475
Francisco Morazán,UD,Marvin  Ponce Sauceda,24918
Francisco Morazán,UD,Mederlyn Dayanie Lopez Jacome,5887
Francisco Morazán,UD,Mercedes Del Rosario Gomez Zuniga,3805
Francisco Morazán,UD,Milgia Del Carmen Hernandez Suazo,10668
Francisco Morazán,UD,Neira Yareli Banegas Osorio,6623
Francisco Morazán,UD,Nelson Josue Flores Mejia,3404
Francisco Morazán,UD,Osmin David Valle Castillo,3400
Francisco Morazán,UD,Rafael Leonidas Diaz Alcerro,19330
Francisco Morazán,UD,Yeny Fernanda Castillo Escalante,4396
Francisco Morazán,UD,Yohana Rebeca Fu Pe¿a,7552
Gracias a Dios,DC,Ezequiel  Cruz Carrillo,89
Gracias a Dios,LIBRE,Edmundo  Flores Zuniga,6072
Gracias a Dios,Liberal,Seth  Paisano Wood,6216
Gracias a Dios,Nacional,Alberto Samuel Haylock Echeverria,5523
Gracias a Dios,PAC,Emilia  Miranda Martinez,78
Gracias a Dios,PAP,Kenedy  Santos Godfry,105
Gracias a Dios,PINU,Marlen  Manister Pamistan,94
Gracias a Dios,UD-FAPER,Weber  Melado Granwell,90
Intibucá,DC,Jose Alilian Diaz ,671
Intibucá,DC,Maria Del Los Angeles Lopez Valladares,219
Intibucá,DC,Maria Mirsa Vijil Bautista,198
Intibucá,LIBRE,Celso  Sanchez Dominguez,14514
Intibucá,LIBRE,Jose Alberto Vasquez Cruz,16600
Intibucá,LIBRE,Maria Suyapa Aleman Reyes,12847
Intibucá,Liberal,Jorge Maynor Vargas Diaz,20084
Intibucá,Liberal,Maria De La Paz Cantarero ,7499
Intibucá,Liberal,Olga Graciela Bueso Meza,10664
Intibucá,Nacional,Elden  Vasquez ,32717
Intibucá,Nacional,Hodalma Lisseth Benitez Erazo,28136
Intibucá,Nacional,Miguel Angel Gamez ,32256
Intibucá,PAC,Alba Luz Manzanares Ramos,1015
Intibucá,PAC,Juan Irene Giron Izaguirre,1163
Intibucá,PAC,Oswal Lennin Calix Mondragon,895
Intibucá,PAP,Daisy Carolina Gutierrez Pineda,260
Intibucá,PAP,Hector  Aguilar Claros,930
Intibucá,PAP,Jose Maria Lemus Nolasco,284
Intibucá,PINU,Delmy Yolibeth Hernandez Amaya,136
Intibucá,PINU,Kenia Argentina Sanchez Bautista,155
Intibucá,PINU,Mario  Vasquez Lemuz,117
Intibucá,UD-FAPER,Bertha Rosa Aguilar Aguilar,125
Intibucá,UD-FAPER,Juan  Mejia ,91
Intibucá,UD-FAPER,Olvin Reyniery Gonzales Dominguez,246
Islas de la Bahía,DC,Jose Uriel Rosales Miranda,20
Islas de la Bahía,FAPER,Oscar  Perez Guillen,44
Islas de la Bahía,LIBRE,Gustavo Adolfo Arriola Arias,1044
Islas de la Bahía,Liberal,Jerry Dave Hynds Julio,8056
Islas de la Bahía,Nacional,George Romeo Silvestri Ferez,5704
Islas de la Bahía,PAC,Oscar Augusto Lobo Discua,128
Islas de la Bahía,PAP,Jorge Alexander Antunez Erazo,87
Islas de la Bahía,PINU,Juan Carlos Gabarrete Velasquez,22
Islas de la Bahía,UD,Henry Alexander Zelaya Santos,131
La Paz,DC,Julio Cesar Orellana Vallecillo,669
La Paz,DC,Luis Alonso Palomo Martinez,624
La Paz,DC,Saira Joselina Isaula Manueles,1683
La Paz,FAPER,Glenis Laritza Lopez Velasquez,253
La Paz,FAPER,Oscar Rolando Melghem Due¿as,146
La Paz,FAPER,Roger Emilio Medina Ramos,281
La Paz,LIBRE,Abel  Benitez ,13181
La Paz,LIBRE,Miriam Elizabeth Perez Zelaya,11099
La Paz,LIBRE,Santos Victorino Rodriguez Yanes,12936
La Paz,Liberal,Manuel De Jesus Velasquez Flores,10610
La Paz,Liberal,Manuel Ivan Fiallos Rodas,11679
La Paz,Liberal,Maria Del Carmen Urquia Martinez,8507
La Paz,Nacional,Gladis Aurora Lopez Calderon,30001
La Paz,Nacional,Policarpo  Bonilla Pinel,19289
La Paz,Nacional,Raul Edgardo Bulnes Barahona,22303
La Paz,PAC,Fernanda  Lopez Perez,591
La Paz,PAC,Jose Ramon Morales Burdett,690
La Paz,PAC,Maria Enecon Perdomo Gomez,772
La Paz,PAP,Hector Adan Almendarez Vasquez,120
La Paz,PAP,Marylu  Troncony Castillo,304
La Paz,PAP,Oscar Edgardo Rodriguez Gomez,273
La Paz,PINU,Candida  Perez ,122
La Paz,PINU,Francisco  Vasquez ,465
La Paz,PINU,Sandra Lorena Argueta Ventura,260
La Paz,UD,Alejandro Jose Mendez Castillo,4440
La Paz,UD,Martza Elizabeth Arriaga ,1537
La Paz,UD,Nelson  Mendez Isaula,1377
Lempira,DC,Jose Alexander Mateo Lopez,70
Lempira,DC,Jose David Carrasco ,128
Lempira,DC,Maria Lucinda Reyes Portillo,134
Lempira,DC,Moises Urias Melgar Guardado,91
Lempira,DC,Nely Ondina Martinez ,283
Lempira,FAPER,Abel De Jesus Iraheta Cantarero,81
Lempira,FAPER,Cesar Dario Meza Padilla,115
Lempira,FAPER,Delmi Yaneth Castellanos Lorenzo,162
Lempira,FAPER,Noe Alejandro Perdomo Paz,77
Lempira,FAPER,Pastora  Villanueva Orellana,83
Lempira,LIBRE,Licida Leonor Borjas Hercules,30772
Lempira,LIBRE,Lily  Aguilar Madrid,32064
Lempira,LIBRE,Ryna Marisol Vasquez Sanchez,31986
Lempira,LIBRE,Victor Manuel Cruz Sanchez,30212
Lempira,LIBRE,Yester Omar Mu¿oz ,35776
Lempira,Liberal,Edgar Kinett Zacapa Lopez,11024
Lempira,Liberal,Erick Mauricio Rodriguez Gavarrete,15095
Lempira,Liberal,Leodegario  Mateo Garcia,7605
Lempira,Liberal,Nery Orlando Reyes Hernandez,16203
Lempira,Liberal,Yolanda Pamela Borjas Aplicano,6797
Lempira,Nacional,Edna Yolani Batres Cruz,56951
Lempira,Nacional,Juan Carlos Valenzuela Molina,59844
Lempira,Nacional,Salvador  Valeriano Pineda,59825
Lempira,Nacional,Samuel Armando Reyes Rendon,63254
Lempira,Nacional,Yesenia Soledad Gomez Alvarenga,54072
Lempira,PAC,Betulia  Ruiz Mejia,390
Lempira,PAC,Doreen Esther Flores Orellana,333
Lempira,PAC,Edvin Nery Cruz Mejia,271
Lempira,PAC,Jesus Hernan Cruz Perez,608
Lempira,PAC,Olga Floribel Aragon Posadas,409
Lempira,PAP,Alex Eduardo Menjivar Paz,48
Lempira,PAP,Gilma Patricia Rivas Mejia,51
Lempira,PAP,Juan Jose Reyes ,49
Lempira,PAP,Marcos Leopoldo Hernandez Suazo,98
Lempira,PAP,Sulema Josefina Escalante Gomez,34
Lempira,PINU,Candido  Dubon Ramirez,77
Lempira,PINU,Hector Armando Martinez Reyes,184
Lempira,PINU,Karen Yameli Garcia Murillo,209
Lempira,PINU,Loorbin Oralia Hernandez Aguilar,112
Lempira,PINU,Maria Santos Licona ,87
Lempira,UD,Aracely  Portillo Castillo,51
Lempira,UD,Blanca Rosa Guardado Lopez,55
Lempira,UD,Marino  Nataren Melendez,57
Lempira,UD,Teodoro  Diaz Bautista,89
Lempira,UD,Zonia Maibeli Diaz Landaverde,92
Ocotepeque,DC,Fany Marisol Valle Valle,201
Ocotepeque,DC,Jose Alexis Miranda Hernandez,209
Ocotepeque,FAPER,Martha Lidia Hercules Arana,108
Ocotepeque,FAPER,Victor Manuel Chinchilla Valle,94
Ocotepeque,LIBRE,Maria Del Transito Lara ,7584
Ocotepeque,LIBRE,Oscar Orlando Caceres Ruiz,11952
Ocotepeque,Liberal,Hugo Ricardo Hernandez ,13901
Ocotepeque,Liberal,Sandra Amparo Arita Lopez,6514
Ocotepeque,Nacional,Roman  Villeda Aguilar,24668
Ocotepeque,Nacional,Valencita Odalis Leveron Rosa,5668
Ocotepeque,PAC,Julio Alberto Tinoco Espinoza,1010
Ocotepeque,PAC,Nancy Marilu Lemuz Zolorsano,649
Ocotepeque,PAP,Elva Guadalupe Pineda Fuentes,41
Ocotepeque,PAP,Rafael Antonio Peraza Guerra,96
Ocotepeque,PINU,Iris Marisol Lopez Gonzalez,137
Ocotepeque,PINU,Luis Alfonzo Jimenez Escobar,100
Ocotepeque,UD,Paim  Gonzalez Perez,40
Ocotepeque,UD,Secia Keren Santos Rivera,42
Olancho,DC,Bernardo Abrahan Cubas ,665
Olancho,DC,Erlin Antonio Hernandes Caceres,2180
Olancho,DC,Flavio Javier Najera Zelaya,4358
Olancho,DC,Fredy Alberto Ordo¿ez Romero,695
Olancho,DC,Lorenza Del Carmen Aguilar Galeano,1583
Olancho,DC,Mirna Areli Padilla Mencia,2362
Olancho,DC,Nora Betina Rodriguez Caceres,1401
Olancho,FAPER,Eda Argentina Bonilla Barralaga,388
Olancho,FAPER,Hector Luis Rubio Artica,254
Olancho,FAPER,Ledis Fabiola Ortiz Funez,694
Olancho,FAPER,Luis Fernando Hernandez Mateo,422
Olancho,FAPER,Manuel Alexis Rodriguez Banegas,441
Olancho,FAPER,Milton Augusto Hernandez Andrade,445
Olancho,FAPER,Yonary Lizeth Yanez Cardenas,805
Olancho,LIBRE,Jose Manuel Zelaya Rosales,71655
Olancho,LIBRE,Jose Ramon Caballero Fajardo,47735
Olancho,LIBRE,Jose Salvador Arnodo Mercado,45331
Olancho,LIBRE,Mario Alexander Ayala Turcios,51045
Olancho,LIBRE,Mario Arturo Padilla Mendoza,46265
Olancho,LIBRE,Miguel Angel Navarro Cruz,58952
Olancho,LIBRE,Yadira Floribeth Alvarez Licona,49184
Olancho,Liberal,Elman Joel Sandoval Sabonge,20768
Olancho,Liberal,Fredy Renan Najera Montoya,25774
Olancho,Liberal,Justo Rene Martinez Miralda,12564
Olancho,Liberal,Luis Beltran Irias Lainez,10446
Olancho,Liberal,Milton Mateo Montalvan Mejia,17222
Olancho,Liberal,Oscar Rolando Flores Pinot,11814
Olancho,Liberal,Sifred Eugenio Brown Mendez,15097
Olancho,Nacional,Dennis Lizandro Mejia Zelaya,56659
Olancho,Nacional,Gilliam  Guifarro Montes De Oca,52496
Olancho,Nacional,Jose Francisco Rivera Hernandez,65455
Olancho,Nacional,Maria Dolores Garcia Guifarro,63430
Olancho,Nacional,Reinaldo Antonio Sanchez Rivera,70090
Olancho,Nacional,Santos Ernesto Calix Molina,60603
Olancho,Nacional,Teresa Concepcion Calix Raudales,67037
Olancho,PAC,Blanca Rosa Del Socorro Rivera Ferrera,2179
Olancho,PAC,Diana Maribel Hernandez Blandin,2305
Olancho,PAC,Enma Mariela Rojas Pacheco,2054
Olancho,PAC,Jorge Leonardo Casco Mendoza,2526
Olancho,PAC,Norma Sagrario Rivera Ferrera,2401
Olancho,PAC,Oscar Samuel Aleman Gutierrez,3657
Olancho,PAC,Osman Roney Banegas Ruiz,2045
Olancho,PAP,Alex David Sandoval Sabonge,1158
Olancho,PAP,Hector Oqueli Sarmiento Padilla,2825
Olancho,PAP,Leticia Carolina Madrid Hernandez,450
Olancho,PAP,Lindolfo Rafael Godoy Cabrera,1394
Olancho,PAP,Tania Iveth Romero Lobo,520
Olancho,PAP,Tulio Favian Zelaya Lobo,1530
Olancho,PAP,Yesy Marisela Pagoada Villafranc,433
Olancho,PINU,Andres Eduardo Hernandez ,1205
Olancho,PINU,Dennis Enrrique Rosales Murillo,539
Olancho,PINU,Maria Isabel Garcia Lopez,555
Olancho,PINU,Omar Isaias Pacheco Tejeda,2531
Olancho,PINU,Oscar Bilmer Salazar Rivera,1249
Olancho,PINU,Sindi Carolina Valdez Matute,316
Olancho,PINU,Yolani Albertina Talavera Cruz,547
Olancho,UD,Amalia Yaneth Inestroza Guifarro,1749
Olancho,UD,Juan Alberto Rodriguez Mercadal,2365
Olancho,UD,Karla Maribel Aleman Mejia,1654
Olancho,UD,Liliana Concepcion Medina Ayala,2881
Olancho,UD,Marcos Ramiro Lobo Rosales,7534
Olancho,UD,Rossel Lorenzo Argueta Tejeda,2831
Olancho,UD,Walter Manrrique Juarez Hernandez,2121
Santa Bárbara,DC,Argentina  Garcia ,1911
Santa Bárbara,DC,Edin Armando Rodriguez Pineda,1995
Santa Bárbara,DC,Indira Isabel Delattibodier Amaya,1058
Santa Bárbara,DC,Juventina  Rodriguez ,776
Santa Bárbara,DC,Marlyn Gicela Lopez Dubon,889
Santa Bárbara,DC,Rafael  Paz Deras,2205
Santa Bárbara,DC,Raul Alberto Hernandez Rivera,5573
Santa Bárbara,DC,Valentin  Benitez Banegas,810
Santa Bárbara,DC,Yanida Navidad Reyes Toro,600
Santa Bárbara,FAPER,Adalicia  Cardona Ponce,610
Santa Bárbara,FAPER,Angel Maria Herrera Sanchez,304
Santa Bárbara,FAPER,Digna  Benitez Benitez,399
Santa Bárbara,FAPER,Ely Sonia Pineda Guardado,473
Santa Bárbara,FAPER,Jerson Adalid Mejia Trochez,398
Santa Bárbara,FAPER,Jesus Baltazar Martinez Trochez,468
Santa Bárbara,FAPER,Jose Ramon Vasquez Diaz,460
Santa Bárbara,FAPER,Maria  Enamorado ,433
Santa Bárbara,FAPER,Medardo Isac Orellana Orellana,333
Santa Bárbara,LIBRE,Alejandra Maria Mancia Gomez,57031
Santa Bárbara,LIBRE,Carlos Alberto Interiano ,55558
Santa Bárbara,LIBRE,Dennys Antonio Sanchez Fernandez,55738
Santa Bárbara,LIBRE,Edgardo Antonio Casa¿a Mejia,57463
Santa Bárbara,LIBRE,Jorge Enoc Flores ,55149
Santa Bárbara,LIBRE,Jose Ramon Amaya Caballero,54381
Santa Bárbara,LIBRE,Medardo  Rosa Pineda,44973
Santa Bárbara,LIBRE,Oscar Elvir Mendoza Rodriguez,53543
Santa Bárbara,LIBRE,Ramon Enrique Romero Garcia,52373
Santa Bárbara,Liberal,Jesus Dagoberto Perdomo Chavez,16233
Santa Bárbara,Liberal,Juan Carlos Enamorado Alcantara,11039
Santa Bárbara,Liberal,Luis Edgardo Murillo Pineda,7018
Santa Bárbara,Liberal,Marco Tulio Mu¿oz Lopez,8303
Santa Bárbara,Liberal,Mirna Angelica Cardona Rivera,8144
Santa Bárbara,Liberal,Rina Cecilia Barahona Jerezano,6443
Santa Bárbara,Liberal,Rommel  Caballero Mejia,7120
Santa Bárbara,Liberal,Sonia Argentina Fajardo Regalado,7351
Santa Bárbara,Liberal,Victor Rolando Sabillon Sabillon,19880
Santa Bárbara,Nacional,Carmen Alicia Funez Leiva,51218
Santa Bárbara,Nacional,Cesar Enrique Handal Fernandez,57361
Santa Bárbara,Nacional,Claudio Roberto Perdomo Interiano,52364
Santa Bárbara,Nacional,Dixie Roberto Mejia Ayala,49540
Santa Bárbara,Nacional,Mario Alonso Perez Lopez,59396
Santa Bárbara,Nacional,Martha Concepcion Figueroa Torrez,57638
Santa Bárbara,Nacional,Nely  Pineda Ayala,50210
Santa Bárbara,Nacional,Rolando  Dubon Bueso,60594
Santa Bárbara,Nacional,Selma Yadira Silva Rodriguez,53316
Santa Bárbara,PAC,Alma Azucena Teruel Medina,4807
Santa Bárbara,PAC,Florentina  Reyes Herrera,3943
Santa Bárbara,PAC,Gloria Yasmin Meza Erazo,6500
Santa Bárbara,PAC,Jose Adalid Rivera Perez,5888
Santa Bárbara,PAC,Jose Maria Perdomo Ulloa,5424
Santa Bárbara,PAC,Kenia Maricela Lopez Gonzales,5109
Santa Bárbara,PAC,Leonel  Ayala Flores,6256
Santa Bárbara,PAC,Merlin Nohe Escobar Hernandez,6838
Santa Bárbara,PAC,Teodocio  Paz ,5913
Santa Bárbara,PAP,Carlos Jose Banegas ,265
Santa Bárbara,PAP,Celenia Maria Borjas Martinez,225
Santa Bárbara,PAP,Flora Idalma Lopez Vallecillo,114
Santa Bárbara,PAP,Glenda Arely Alonzo Barahona,205
Santa Bárbara,PAP,Jesus Guillermo Alonzo Trejo,172
Santa Bárbara,PAP,Luis Guillermo Rivera Medrano,251
Santa Bárbara,PAP,Oscar Orlando Guzman Bennett,264
Santa Bárbara,PAP,Osvaldo Omar Caballero Rapalo,146
Santa Bárbara,PAP,Pastora  Madrid Garcia,198
Santa Bárbara,UD,Blanca Suyapa Membre¿o Matute,1289
Santa Bárbara,UD,Coronado  Gomez Izaguirre,1773
Santa Bárbara,UD,Idania Yadira Rodriguez ,2624
Santa Bárbara,UD,Jose Ramon Gomez ,2896
Santa Bárbara,UD,Liduvina  Perdomo Castellanos,3080
Santa Bárbara,UD,Lily May Oliver Urbina,1991
Santa Bárbara,UD,Maria Teresa Sabillon Turcios,1702
Santa Bárbara,UD,Oscar Humberto Mejia Hernandez,4579
Santa Bárbara,UD,Sergio Arturo Castellanos Perdomo,17477
Valle,DC,Carlos Humberto Manzanares Cabrera,5114
Valle,DC,Flora Azucena Avila Matamoros,2227
Valle,DC,Jisela Rosmery Godinez Nu¿ez,1998
Valle,DC,Rodrigo Alexis Romero Villalobos,1897
Valle,LIBRE,Eleazar Alexander Juarez Sarabia,13768
Valle,LIBRE,Rony  Cruz Castillo,9158
Valle,LIBRE,Rony Javier Paz Reyes,10968
Valle,LIBRE,Wilfredo  Guevara Trujillo,10889
Valle,Liberal,Elida Karina Reyes Posadas,12805
Valle,Liberal,Jeronimo Aristides Gonzales Hernandez,11738
Valle,Liberal,Jose Alfredo Saavedra Paz,23168
Valle,Liberal,Rosario Emperatris Carias ,11495
Valle,Nacional,Ana Julia Garcia Villalobos,16338
Valle,Nacional,Jose Tomas Zambrano Molina,23997
Valle,Nacional,Luz Arely Valdez Melendez,16791
Valle,Nacional,Marcos Antonio Velasquez ,18172
Valle,PAC,Bernabe  Larios Villatoro,4385
Valle,PAC,Daniela Paola Flores Morales,2030
Valle,PAC,Ebesly Ribai Reyes Bustamante,1377
Valle,PAC,Karen Lorena Lemus Berrios,1226
Valle,PAP,Elva Noemy Manzanares Villatoro,178
Valle,PAP,Erwin Gustavo Baquedano Mejia,479
Valle,PAP,Jose Catalino Martinez Garcia,314
Valle,PAP,Nancy Fabiola Alvarado Osorio,291
Valle,PINU,Denis Amilcar Flores Ortiz,513
Valle,PINU,Francis Alejandra Linarez Gutierrez,471
Valle,PINU,Lidia Yesenia Cruz Lainez,376
Valle,PINU,Miguel Angel Talavera Cruz,523
Valle,UD,Karla Patricia Aguilera Villalobos,158
Valle,UD,Lino  Godinez ,610
Valle,UD,Martir Eusebio Alvarado Izaguirre,365
Valle,UD,Roxana Gabriela Ramirez Ramirez,65
Yoro,DC,Adan De Jesus Ramirez Figueroa,1809
Yoro,DC,Denis Javier Cruz Martinez,2529
Yoro,DC,Doris Yanira Bautista Ortiz,630
Yoro,DC,Eva Rosario Martinez Sanchez,854
Yoro,DC,Francisco Javier Funez Ortega,1963
Yoro,DC,Juan Carlos Arita Licona,955
Yoro,DC,Juan Manuel Lagos Ortiz,1382
Yoro,DC,Paola Elena Orellana Martinez,2104
Yoro,DC,Yadira Yamileth Reyes Cabrera,2025
Yoro,FAPER,Aydee Margoth Sandoval Mendoza,723
Yoro,FAPER,Claudia Patricia Rosales Elias,704
Yoro,FAPER,Gloria Elizabeth Caballero Moya,636
Yoro,FAPER,Jairo Roylan Mendoza Mejia,413
Yoro,FAPER,Jose Omar Hernandez ,479
Yoro,FAPER,Lesly Amparo Echeverria Matamoros,464
Yoro,FAPER,Manuela Del Carmen Maldonado Rodriguez,373
Yoro,FAPER,Marvin Alexis Ramirez Juarez,913
Yoro,FAPER,Sara Lizet Sorto Lorenzo,526
Yoro,LIBRE,Ana Marlen Morales Reyes,37686
Yoro,LIBRE,Bartolo Antonio Fuentes ,41011
Yoro,LIBRE,Danilo Alexander Tejada Murillo,40448
Yoro,LIBRE,Hector Antonio Mejia ,36818
Yoro,LIBRE,Irma Aida Reyes Coello,42917
Yoro,LIBRE,Jairo Miguel Hernandez ,39753
Yoro,LIBRE,Mercedes Emilia Avila Panchame,39498
Yoro,LIBRE,Paula Crecencia Duran Soto,41921
Yoro,LIBRE,Santos Alfonzo Vasquez Sanchez,40304
Yoro,Liberal,Daniela  Marquez Rivera,27621
Yoro,Liberal,Delmi Graciela Rivera Guevara,28785
Yoro,Liberal,Enrique Orlando Cano Palma,23029
Yoro,Liberal,Jose Vivian Portillo Ramirez,34448
Yoro,Liberal,Maria Luisa Pineda Hernandez,28802
Yoro,Liberal,Maritza Janeth Varela Martinez,32552
Yoro,Liberal,Ricardo Arturo Cruz Navarro,32472
Yoro,Liberal,Roberto Antonio Orellana Velasquez,27025
Yoro,Liberal,Sergio Armando Delgado ,25485
Yoro,Nacional,Diana Patricia Urbina Soto,51490
Yoro,Nacional,Jeffrey Alexander Flores Chavarria,47786
Yoro,Nacional,Juan Carlos Molina Puerto,47559
Yoro,Nacional,Milton Jesus Puerto Oseguera,52199
Yoro,Nacional,Navil Enrique Hawit Valle,40154
Yoro,Nacional,Oscar Remberto Hawit Garcia,42435
Yoro,Nacional,Rene Alfredo Chacon Flores,38962
Yoro,Nacional,Ricardo Arturo Bermudez Wills,45121
Yoro,Nacional,Victor Manuel Fonseca Flores,41670
Yoro,PAC,Angel Roberto Rivera Pacheco,14345
Yoro,PAC,Claudia Lorena Flores Lopez,12740
Yoro,PAC,Dennis Johan Collins Orellana,12817
Yoro,PAC,Eugenia  Turcios Garcia,11800
Yoro,PAC,Fausto Ricardo Carias Mahchi,12353
Yoro,PAC,Jorge Adalid Diaz Martell,13721
Yoro,PAC,Liberato  Madrid Castro,14340
Yoro,PAC,Marlene Yesenia Izaguirre Vasquez,13198
Yoro,PAC,Silvia Mariel Ponce Ferrufino,12564
Yoro,PAP,Arlene Josaary Rea¿os Linares,577
Yoro,PAP,Dilcia Rosibel Lopez Velasquez,317
Yoro,PAP,Evelyn Jeanneth Archaga Vasquez,357
Yoro,PAP,Francisco Yalil Martinez Gabrie,288
Yoro,PAP,Higda Amparo Andino Guevara,640
Yoro,PAP,Jerson Omar Velasquez Villatoro,719
Yoro,PAP,Miguel Angel Garcia Fajardo,540
Yoro,PAP,Nelson David Leiva Banegas,510
Yoro,PAP,Santos Faustino Padilla Figueroa,255
Yoro,PINU,Alejandro  Galvez Cano,1093
Yoro,PINU,Blanca Aracely Matute Sanchez,918
Yoro,PINU,Jorge Alberto Andino Garcia,667
Yoro,PINU,Jose David Cruz Cruz,1091
Yoro,PINU,Maria  Contreras Licona,680
Yoro,PINU,Maria Del Carmen Bonilla Martinez,807
Yoro,PINU,Maria Marlenis Yanez Maldonado,932
Yoro,PINU,Oscar Mardoqueo Lopez Martinez,783
Yoro,PINU,Rafael  Sandoval Bardales,1218
Yoro,UD,Cesar David Adolfo Ham Pe¿a,11189
Yoro,UD,Hector Dario Martinez Soliz,6270
Yoro,UD,Hipolita Graciela Rodriguez ,6481
Yoro,UD,Marlon Edgardo Valeriano Chandia,4058
Yoro,UD,Mirian Lizzeth Urbina Najera,5723
Yoro,UD,Nerida Maritza Yanes Antunez,4873
Yoro,UD,Prisila  Alvarado Euceda,5640
Yoro,UD,Rafael  Sibrian Guerra,4774
Yoro,UD,Santos Paulino Cantillano Velasquez,6419
